{
    "500000": {
        "test": {
            "insertion": 6.230312824249268,
            "find": 0.00971531867980957,
            "size": 16500000,
            "storageSize": 8966144,
            "indexSizes": 27217920,
            "totalSize": 36184064
        },
        "int": {
            "insertion": 6.251859664916992,
            "find": 0.009497642517089844,
            "size": 16500000,
            "storageSize": 8998912,
            "indexSizes": 27414528,
            "totalSize": 36413440
        },
        "long": {
            "insertion": 6.150959253311157,
            "find": 0.009383678436279297,
            "size": 18500000,
            "storageSize": 9498624,
            "indexSizes": 28913664,
            "totalSize": 38412288
        },
        "decimal": {
            "insertion": 6.603602647781372,
            "find": 0.00937032699584961,
            "size": 22500000,
            "storageSize": 9129984,
            "indexSizes": 28913664,
            "totalSize": 38043648
        },
        "double": {
            "insertion": 6.29889178276062,
            "find": 0.009469747543334961,
            "size": 18500000,
            "storageSize": 9998336,
            "indexSizes": 28913664,
            "totalSize": 38912000
        },
        "number": {
            "insertion": 6.489962577819824,
            "find": 0.009557962417602539,
            "size": 16500000,
            "storageSize": 970752,
            "indexSizes": 3194880,
            "totalSize": 4165632
        }
    },
    "1000000": {
        "test": {
            "insertion": 12.963869571685791,
            "find": 0.00975346565246582,
            "size": 33000000,
            "storageSize": 17620992,
            "indexSizes": 57315328,
            "totalSize": 74936320
        },
        "int": {
            "insertion": 12.839004516601562,
            "find": 0.009508371353149414,
            "size": 33000000,
            "storageSize": 17645568,
            "indexSizes": 57184256,
            "totalSize": 74829824
        },
        "long": {
            "insertion": 12.594849824905396,
            "find": 0.009514808654785156,
            "size": 37000000,
            "storageSize": 18616320,
            "indexSizes": 58290176,
            "totalSize": 76906496
        },
        "decimal": {
            "insertion": 13.832100868225098,
            "find": 0.009922981262207031,
            "size": 45000000,
            "storageSize": 19165184,
            "indexSizes": 77004800,
            "totalSize": 96169984
        },
        "double": {
            "insertion": 13.005230188369751,
            "find": 0.009623050689697266,
            "size": 37000000,
            "storageSize": 19243008,
            "indexSizes": 47357952,
            "totalSize": 66772992
        },
        "number": {
            "insertion": 13.170700311660767,
            "find": 0.009530782699584961,
            "size": 33000000,
            "storageSize": 4096,
            "indexSizes": 450560,
            "totalSize": 454656
        }
    },
    "2000000": {
        "test": {
            "insertion": 26.86762046813965,
            "find": 0.009721517562866211,
            "size": 66000000,
            "storageSize": 34930688,
            "indexSizes": 112582656,
            "totalSize": 147513344
        },
        "int": {
            "insertion": 26.487508296966553,
            "find": 0.009255647659301758,
            "size": 66000000,
            "storageSize": 34381824,
            "indexSizes": 114724864,
            "totalSize": 149106688
        },
        "long": {
            "insertion": 26.81478762626648,
            "find": 0.009194612503051758,
            "size": 74000000,
            "storageSize": 39133184,
            "indexSizes": 117403648,
            "totalSize": 156536832
        },
        "decimal": {
            "insertion": 27.31138300895691,
            "find": 0.009312868118286133,
            "size": 90000000,
            "storageSize": 36757504,
            "indexSizes": 148086784,
            "totalSize": 184844288
        },
        "double": {
            "insertion": 27.063058376312256,
            "find": 0.009312868118286133,
            "size": 74000000,
            "storageSize": 38961152,
            "indexSizes": 122068992,
            "totalSize": 161030144
        },
        "number": {
            "insertion": 27.594914197921753,
            "find": 0.009414911270141602,
            "size": 66000000,
            "storageSize": 30146560,
            "indexSizes": 105111552,
            "totalSize": 135258112
        }
    },
    "3000000": {
        "test": {
            "insertion": 41.522682666778564,
            "find": 0.009563207626342773,
            "size": 99000000,
            "storageSize": 57683968,
            "indexSizes": 182280192,
            "totalSize": 239964160
        },
        "int": {
            "insertion": 42.31919002532959,
            "find": 0.009345531463623047,
            "size": 99000000,
            "storageSize": 55848960,
            "indexSizes": 200736768,
            "totalSize": 256585728
        },
        "long": {
            "insertion": 42.523293018341064,
            "find": 0.009410858154296875,
            "size": 111000000,
            "storageSize": 54964224,
            "indexSizes": 273137664,
            "totalSize": 328101888
        },
        "decimal": {
            "insertion": 42.10495400428772,
            "find": 0.009431123733520508,
            "size": 135000000,
            "storageSize": 56877056,
            "indexSizes": 281047040,
            "totalSize": 337924096
        },
        "double": {
            "insertion": 41.22225618362427,
            "find": 0.009423017501831055,
            "size": 111000000,
            "storageSize": 55504896,
            "indexSizes": 186941440,
            "totalSize": 242446336
        },
        "number": {
            "insertion": 41.57117319107056,
            "find": 0.009340524673461914,
            "size": 99000000,
            "storageSize": 35250176,
            "indexSizes": 128131072,
            "totalSize": 163381248
        }
    },
    "4000000": {
        "test": {
            "insertion": 55.80500316619873,
            "find": 0.009779691696166992,
            "size": 132000000,
            "storageSize": 76873728,
            "indexSizes": 289533952,
            "totalSize": 366407680
        },
        "int": {
            "insertion": 57.94562864303589,
            "find": 0.009422063827514648,
            "size": 132000000,
            "storageSize": 75677696,
            "indexSizes": 313327616,
            "totalSize": 389005312
        },
        "long": {
            "insertion": 55.80180048942566,
            "find": 0.009780645370483398,
            "size": 148000000,
            "storageSize": 72839168,
            "indexSizes": 322383872,
            "totalSize": 395223040
        },
        "decimal": {
            "insertion": 57.99419593811035,
            "find": 0.00996088981628418,
            "size": 180000000,
            "storageSize": 74391552,
            "indexSizes": 249974784,
            "totalSize": 324366336
        },
        "double": {
            "insertion": 56.95386028289795,
            "find": 0.009552478790283203,
            "size": 148000000,
            "storageSize": 74289152,
            "indexSizes": 247574528,
            "totalSize": 321863680
        },
        "number": {
            "insertion": 55.167574882507324,
            "find": 0.009857654571533203,
            "size": 132000000,
            "storageSize": 62808064,
            "indexSizes": 190504960,
            "totalSize": 253313024
        }
    },
    "5000000": {
        "test": {
            "insertion": 71.26821565628052,
            "find": 0.009851694107055664,
            "size": 165000000,
            "storageSize": 88625152,
            "indexSizes": 311394304,